{"TWT": 0.004841, "MAGIC": 0.005841, "ALGO": 0.005069, "STG": 0.004403, "OM": 0.008151, "RDNT": 0.005376, "BNT": 0.003945, "LPT": 0.007893, "POWR": 0.00467, "HFT": 0.005605, "MATIC": 0.003987, "ENS": 0.007965, "ANKR": 0.005097, "CHZ": 0.005887, "ORDI": 0.008966, "MASK": 0.004624, "RIF": 0.006076, "RONIN": 0.004887, "MKR": 0.004449, "ENJ": 0.00564, "AVAX": 0.004999, "VET": 0.004863, "OGN": 0.005594, "DOGE": 0.004047, "SAND": 0.00471, "XRP": 0.002345, "BOND": 0.006273, "STEEM": 0.004022, "ARKM": 0.008048, "TAO": 0.007747, "BADGER": 0.005727, "USTC": 0.006629, "GMX": 0.005791, "AXL": 0.008288, "JUP": 0.006416, "TRX": 0.00156, "ILV": 0.005719, "BCH": 0.003909, "TRU": 0.009965, "ZK": 0.012799, "SXP": 0.00409, "KEY": 0.005562, "GALA": 0.006041, "BAT": 0.004568, "FTM": 0.006115, "LISTA": 0.0139, "ZRX": 0.004918, "QNT": 0.004081, "METIS": 0.005317, "SOL": 0.004669, "ONG": 0.005448, "XVS": 0.005869, "STMX": 0.005517, "APT": 0.004835, "FXS": 0.005525, "BEL": 0.00587, "ID": 0.004873, "SNX": 0.005519, "DYDX": 0.005835, "NTRN": 0.006811, "REN": 0.005758, "TRB": 0.006633, "WLD": 0.007619, "COTI": 0.006249, "BB": 0.010076, "DUSK": 0.006893, "AUCTION": 0.006216, "LIT": 0.00612, "ALT": 0.007271, "ROSE": 0.00721, "ENA": 0.007511, "DAR": 0.005705, "MANA": 0.004376, "ETH": 0.002503, "OXT": 0.005213, "EOS": 0.00495, "EDU": 0.006002, "CTSI": 0.005363, "ONE": 0.005358, "FIL": 0.004777, "UMA": 0.005393, "DASH": 0.004007, "STX": 0.006689, "ARB": 0.004561, "BNX": 0.006302, "MINA": 0.005529, "GMT": 0.005241, "ONT": 0.005002, "IOTX": 0.00622, "LDO": 0.007518, "RNDR": 0.006187, "T": 0.004773, "RLC": 0.005949, "REEF": 0.005793, "TNSR": 0.009022, "NFP": 0.007076, "AMB": 0.006305, "XTZ": 0.004614, "HOOK": 0.005608, "SUPER": 0.006497, "CKB": 0.006969, "NMR": 0.005532, "NOT": 0.010691, "CHR": 0.007012, "SSV": 0.00687, "ALICE": 0.007361, "SPELL": 0.005851, "LEVER": 0.006745, "CFX": 0.006161, "ASTR": 0.005116, "1INCH": 0.005376, "XAI": 0.007519, "OMNI": 0.008307, "YGG": 0.007309, "PHB": 0.007207, "APE": 0.005872, "ACE": 0.007151, "KLAY": 0.004944, "ZRO": 0.0143, "BEAMX": 0.006371, "CRV": 0.008493, "FLM": 0.005997, "SUSHI": 0.005186, "ETHFI": 0.008118, "C98": 0.005467, "PYTH": 0.006889, "WOO": 0.005848, "UNFI": 0.006563, "PERP": 0.00582, "AGLD": 0.00673, "BTC": 0.001677, "BAKE": 0.008585, "AEVO": 0.008361, "W": 0.008009, "ZEC": 0.005015, "ALPHA": 0.005118, "KAVA": 0.004475, "1000SATS": 0.009743, "DOT": 0.004144, "AI": 0.007063, "LINA": 0.007692, "IOTA": 0.005081, "DYM": 0.007233, "STRK": 0.006693, "ATA": 0.006138, "GRT": 0.005644, "IOST": 0.00422, "YFI": 0.003623, "FET": 0.007355, "IMX": 0.005996, "MAV": 0.007133, "TLM": 0.005847, "FRONT": 0.006981, "LSK": 0.004891, "STORJ": 0.005169, "JASMY": 0.009498, "POLYX": 0.00722, "SKL": 0.006011, "ICX": 0.004455, "BAND": 0.005262, "FLOW": 0.005618, "ARK": 0.005956, "RUNE": 0.004958, "GLM": 0.005426, "NKN": 0.00523, "BLUR": 0.006094, "API3": 0.006762, "BICO": 0.006428, "GTC": 0.006205, "CELR": 0.004977, "CAKE": 0.004406, "RVN": 0.00469, "INJ": 0.007448, "ICP": 0.005111, "DENT": 0.005249, "KNC": 0.005034, "VANRY": 0.00814, "JTO": 0.006706, "AAVE": 0.005085, "LQTY": 0.005495, "COMBO": 0.005756, "OP": 0.005302, "GAS": 0.004595, "LTC": 0.002654, "BAL": 0.003992, "NEAR": 0.005805, "LINK": 0.00433, "AR": 0.007575, "WIF": 0.01047, "ARPA": 0.005136, "SUI": 0.005805, "CYBER": 0.006202, "LOOM": 0.004379, "MTL": 0.005224, "AXS": 0.005028, "MOVR": 0.00609, "MEME": 0.007406, "ZEN": 0.005075, "IO": 0.012206, "NEO": 0.004278, "XVG": 0.005724, "HOT": 0.005545, "TIA": 0.006728, "QTUM": 0.004005, "PENDLE": 0.007506, "ZIL": 0.004953, "ACH": 0.006043, "PORTAL": 0.008285, "ATOM": 0.003783, "KSM": 0.00535, "WAXP": 0.004531, "HIGH": 0.008435, "SEI": 0.006483}