{"IO": 0.012229, "ETHFI": 0.008114, "VANRY": 0.00814, "AEVO": 0.008361, "NKN": 0.005249, "BCH": 0.003909, "HIFI": 0.005605, "LQTY": 0.005486, "KEY": 0.005562, "AXS": 0.005028, "IOST": 0.00422, "HIGH": 0.008435, "BOME": 0.008648, "IMX": 0.005996, "MEME": 0.007406, "TRU": 0.009965, "VET": 0.004862, "QNT": 0.004012, "SFP": 0.004187, "MKR": 0.004436, "HOT": 0.005545, "UNI": 0.005584, "RNDR": 0.006185, "WIF": 0.01047, "GTC": 0.006205, "ATA": 0.006138, "METIS": 0.005317, "NFP": 0.007076, "APE": 0.005872, "QTUM": 0.004005, "XVS": 0.005849, "ONE": 0.005358, "CKB": 0.006969, "WOO": 0.005848, "APT": 0.004835, "BEAMX": 0.006371, "1INCH": 0.005376, "ETH": 0.002503, "AGLD": 0.00673, "AUCTION": 0.006216, "WAXP": 0.00457, "SNX": 0.005519, "HOOK": 0.005608, "OM": 0.008151, "OP": 0.005302, "FLOW": 0.005618, "SPELL": 0.005851, "LTC": 0.002654, "POLYX": 0.00722, "LINA": 0.007692, "IOTX": 0.006241, "BAND": 0.005262, "ZRX": 0.004918, "JTO": 0.006653, "GMX": 0.005791, "DOGE": 0.004047, "XLM": 0.002947, "PIXEL": 0.008086, "XTZ": 0.004614, "SOL": 0.004582, "ATOM": 0.003783, "COMP": 0.004383, "GLM": 0.005409, "ALGO": 0.005069, "KLAY": 0.004944, "BICO": 0.006428, "MATIC": 0.003987, "ENS": 0.007965, "JUP": 0.006401, "REN": 0.005777, "LRC": 0.005587, "NMR": 0.005531, "GALA": 0.006041, "FIL": 0.004777, "POWR": 0.004664, "WLD": 0.007619, "SEI": 0.006483, "EOS": 0.00495, "USTC": 0.006629, "FXS": 0.005525, "COMBO": 0.005689, "ACE": 0.007151, "RVN": 0.00469, "CRV": 0.008475, "RSR": 0.006479, "ARPA": 0.005136, "API3": 0.006741, "BNX": 0.006289, "ID": 0.004873, "SKL": 0.006011, "AMB": 0.006305, "GAS": 0.004595, "YGG": 0.007309, "INJ": 0.007448, "NTRN": 0.006848, "STEEM": 0.004022, "W": 0.008009, "AVAX": 0.004999, "ZRO": 0.0143, "TRX": 0.00156, "ACH": 0.006043, "XRP": 0.002345, "ALPHA": 0.005118, "KNC": 0.005034, "BB": 0.010076, "REEF": 0.005793, "ZEC": 0.005003, "LINK": 0.00433, "ICP": 0.005111, "TAO": 0.007747, "PENDLE": 0.007506, "ZIL": 0.004953, "OXT": 0.005213, "SAGA": 0.008581, "UMA": 0.005393, "HFT": 0.005605, "STX": 0.006689, "EGLD": 0.004842, "NOT": 0.010691, "NEO": 0.004278, "DYM": 0.007233, "DASH": 0.004007, "BAT": 0.004568, "EDU": 0.006002, "LDO": 0.007518, "NEAR": 0.005805, "ENA": 0.007511, "CTSI": 0.005363, "IOTA": 0.005081, "SXP": 0.00409, "ORDI": 0.008966, "BAKE": 0.008585, "ZK": 0.012799, "AAVE": 0.005085, "CFX": 0.006137, "LISTA": 0.0139, "GMT": 0.005241, "LOOM": 0.004379, "DYDX": 0.005848, "TIA": 0.006728, "DENT": 0.005249, "PHB": 0.007207, "DAR": 0.005705, "MANA": 0.00439, "LEVER": 0.006745, "STRK": 0.006689, "TLM": 0.005847, "ETC": 0.003468, "RLC": 0.005949, "BLZ": 0.006388, "CHR": 0.007012, "DUSK": 0.006893, "ALICE": 0.007361, "REZ": 0.008897, "CELO": 0.00554, "CYBER": 0.006202, "OGN": 0.005594, "ZEN": 0.005075, "XAI": 0.007514, "TRB": 0.006579, "RUNE": 0.004958, "BNT": 0.003945, "C98": 0.005467, "AR": 0.007575, "ROSE": 0.00721, "COTI": 0.006198, "JASMY": 0.009498, "AXL": 0.008288, "UNFI": 0.006563, "ICX": 0.004455, "ADA": 0.003884, "XVG": 0.005724, "FLM": 0.005997, "PORTAL": 0.008285, "MAV": 0.006915, "ALT": 0.007271, "SSV": 0.00687, "STORJ": 0.005169, "MAGIC": 0.005841, "BEL": 0.00587, "FET": 0.007341, "PYTH": 0.006884, "MTL": 0.005224, "ANKR": 0.005097, "STMX": 0.005517, "FRONT": 0.006981, "LIT": 0.00612, "MINA": 0.005529, "ONG": 0.005448, "THETA": 0.005922, "BNB": 0.002663, "RIF": 0.006076, "RONIN": 0.004887, "AI": 0.007063, "TWT": 0.004841, "ASTR": 0.005116, "OMNI": 0.008307, "BTC": 0.001677, "ILV": 0.005719, "JOE": 0.006125, "MASK": 0.004624, "ARK": 0.005952, "GRT": 0.005644, "BLUR": 0.006094, "BAL": 0.003992, "FTM": 0.006115, "KAVA": 0.004448, "LPT": 0.007893, "ENJ": 0.005647, "PEOPLE": 0.010358, "TNSR": 0.009022, "ONT": 0.005002, "STG": 0.004403, "MOVR": 0.00609, "CAKE": 0.004406, "RDNT": 0.005376, "SAND": 0.00471, "MANTA": 0.006338, "T": 0.004773, "SUPER": 0.006497, "PERP": 0.00582, "ARB": 0.004561, "CHZ": 0.005887, "SUSHI": 0.005186, "SUI": 0.005805, "ARKM": 0.008048}